time_utc,time_asia_saigon,vus_min,vus_mean,vus_max,requests,http_failures,http_status,rps_per_12s_bucket,min_ms,mean_ms,p95_bucket_ms,p99_bucket_ms,max_ms
2026-10-04T06:14:12+00:00,2026-10-04T13:14:12+07:00,0.0,1.0,3.0,50,0,200,4.166666666666667,17.737708,53.90573396,119.294998168945,160.346153182983,198.311698
2026-10-04T06:14:24+00:00,2026-10-04T13:14:24+07:00,4.0,8.75,13.0,375,0,200,31.25,16.194542,241.069428986667,505.855010986328,799.783956298828,1098.11387
2026-10-04T06:14:36+00:00,2026-10-04T13:14:36+07:00,14.0,18.5,23.0,560,0,200,46.666666666666664,29.413154,622.458705192857,1499.5446105957,2147.12218017578,2599.244454
2026-10-04T06:14:48+00:00,2026-10-04T13:14:48+07:00,24.0,28.3333333333333,33.0,877,0,200,73.08333333333333,14.394108,580.539969133409,1400.8310546875,1823.86587890625,2198.413965
2026-10-04T06:15:00+00:00,2026-10-04T13:15:00+07:00,34.0,38.1666666666667,43.0,950,0,200,79.16666666666667,95.056275,916.029856565263,2113.53491210938,2523.46269042969,2995.008737
2026-10-04T06:15:12+00:00,2026-10-04T13:15:12+07:00,43.0,47.5,50.0,958,0,200,79.83333333333333,46.683016,1138.27471363988,2605.05493164062,3548.44574951172,4294.692667
2026-10-04T06:15:24+00:00,2026-10-04T13:15:24+07:00,50.0,50.0,50.0,842,0,200,70.16666666666667,91.130261,1461.04644273397,4292.60693359375,5268.11031738281,7595.609782
2026-10-04T06:15:36+00:00,2026-10-04T13:15:36+07:00,50.0,50.0,50.0,1097,0,200,91.41666666666667,95.28824,1009.45993129444,2506.7509765625,3309.56689453125,4297.16863
2026-10-04T06:15:48+00:00,2026-10-04T13:15:48+07:00,50.0,50.0,50.0,1030,0,200,85.83333333333333,92.542937,1050.03512232524,2621.43896484375,3309.56689453125,3801.780995
2026-10-04T06:16:00+00:00,2026-10-04T13:16:00+07:00,50.0,50.0,50.0,1170,0,200,97.5,93.839447,991.426946852991,2319.15428466797,3236.65819091797,4290.440818
2026-10-04T06:16:12+00:00,2026-10-04T13:16:12+07:00,50.0,50.0,50.0,1152,0,200,96.0,80.576805,929.252312024305,2113.53491210938,2899.96704101562,5001.190452
2026-10-04T06:16:24+00:00,2026-10-04T13:16:24+07:00,50.0,50.0,50.0,1177,0,200,98.08333333333333,95.185326,905.200426342396,2113.53491210938,2801.6630859375,3399.933805
2026-10-04T06:16:36+00:00,2026-10-04T13:16:36+07:00,50.0,50.0,50.0,1203,0,200,100.25,84.561955,897.023920461347,2293.75903320312,2899.96704101562,4395.602315
2026-10-04T06:16:48+00:00,2026-10-04T13:16:48+07:00,50.0,50.0,50.0,1148,0,200,95.66666666666667,86.842357,1023.66091334495,2506.7509765625,3006.95453369141,3500.00352
2026-10-04T06:17:00+00:00,2026-10-04T13:17:00+07:00,50.0,50.0,50.0,1166,0,200,97.16666666666667,88.139243,1003.92131784048,2310.14306640625,2709.09329833984,3498.093602
2026-10-04T06:17:12+00:00,2026-10-04T13:17:12+07:00,50.0,50.1666666666667,51.0,1148,0,200,95.66666666666667,70.395167,972.711319074913,2304.40865478516,2908.65057861328,3708.621298
2026-10-04T06:17:24+00:00,2026-10-04T13:17:24+07:00,51.0,53.6666666666667,56.0,1178,0,200,98.16666666666667,83.463508,1039.80721901613,2506.7509765625,3309.56689453125,5184.129001
2026-10-04T06:17:36+00:00,2026-10-04T13:17:36+07:00,56.0,58.6666666666667,61.0,1129,0,200,94.08333333333333,22.023814,1242.91134946767,2801.6630859375,3407.87109375,4304.425549
2026-10-04T06:17:48+00:00,2026-10-04T13:17:48+07:00,61.0,63.6666666666667,66.0,1237,0,200,103.08333333333333,17.435798,1212.81371333306,2719.74291992188,3702.78295898438,5295.639393
2026-10-04T06:18:00+00:00,2026-10-04T13:18:00+07:00,66.0,68.6666666666667,71.0,1282,0,200,106.83333333333333,89.478749,1200.64675086194,2998.27099609375,3899.39111328125,5702.863605
2026-10-04T06:18:12+00:00,2026-10-04T13:18:12+07:00,71.0,73.5,75.0,1222,0,200,101.83333333333333,60.501877,1478.19232451146,3506.17504882812,4202.98632324218,8101.489553
2026-10-04T06:18:24+00:00,2026-10-04T13:18:24+07:00,75.0,75.0,75.0,1282,0,200,106.83333333333333,19.939419,1446.357130039,3211.26293945312,4521.98291015625,6498.89771
2026-10-04T06:18:36+00:00,2026-10-04T13:18:36+07:00,75.0,75.0,75.0,1333,0,200,111.08333333333333,30.572484,1365.84803935484,3506.17504882812,4521.98291015625,5599.00846
2026-10-04T06:18:48+00:00,2026-10-04T13:18:48+07:00,75.0,75.0,75.0,1377,0,200,114.75,82.41933,1383.67974729339,3112.958984375,3922.9840625,6803.204023
2026-10-04T06:19:00+00:00,2026-10-04T13:19:00+07:00,75.0,75.0,75.0,1297,0,200,108.08333333333333,89.892383,1243.26936276099,3031.03901367187,4521.98291015625,6871.227501
2026-10-04T06:19:12+00:00,2026-10-04T13:19:12+07:00,75.0,75.0,75.0,1485,0,200,123.75,82.327115,1233.63396820741,2801.6630859375,3915.77490234375,5691.542788
2026-10-04T06:19:24+00:00,2026-10-04T13:19:24+07:00,75.0,75.0,75.0,1455,0,200,121.25,85.110502,1122.29850348316,2506.7509765625,3566.46817871094,6101.104568
2026-10-04T06:19:36+00:00,2026-10-04T13:19:36+07:00,75.0,75.0,75.0,1446,0,200,120.5,83.199757,1216.11076482642,2781.18304443359,3582.36055908203,6885.706939
2026-10-04T06:19:48+00:00,2026-10-04T13:19:48+07:00,75.0,75.0,75.0,1572,0,200,131.0,89.350737,1146.19132358206,2605.05493164062,3211.26293945312,4794.171671
2026-10-04T06:20:00+00:00,2026-10-04T13:20:00+07:00,75.0,75.0,75.0,1606,0,200,133.83333333333334,21.277429,1058.87865520672,2605.05493164062,3308.74770507813,5206.997262
2026-10-04T06:20:12+00:00,2026-10-04T13:20:12+07:00,75.0,75.1666666666667,76.0,1608,0,200,134.0,15.026042,1058.27239169652,2293.75903320312,3061.51313720703,4820.476848
2026-10-04T06:20:24+00:00,2026-10-04T13:20:24+07:00,76.0,78.6666666666667,81.0,1496,0,200,124.66666666666667,50.585738,1209.97631608155,2899.96704101562,3703.60216064453,5903.087858
2026-10-04T06:20:36+00:00,2026-10-04T13:20:36+07:00,81.0,83.6666666666667,86.0,1795,0,200,149.58333333333334,70.542571,1011.46554343176,2506.7509765625,3222.07638671874,4516.58846
2026-10-04T06:20:48+00:00,2026-10-04T13:20:48+07:00,86.0,88.6666666666667,91.0,2426,0,200,202.16666666666666,14.032008,791.250521258862,2013.18295288086,2310.14306640625,3094.205574
2026-10-04T06:21:00+00:00,2026-10-04T13:21:00+07:00,91.0,93.6666666666667,96.0,2651,0,200,220.91666666666666,13.505721,735.185045246322,1900.54296875,2211.83911132812,2602.861974
2026-10-04T06:21:12+00:00,2026-10-04T13:21:12+07:00,96.0,98.5,100.0,2311,0,200,192.58333333333334,14.108747,1001.3162377659,2646.01501464844,3013.01662597656,3704.295477
2026-10-04T06:21:24+00:00,2026-10-04T13:21:24+07:00,100.0,100.0,100.0,2456,0,200,204.66666666666666,12.601804,877.115175817996,2101.24688720703,2801.6630859375,3905.358809
2026-10-04T06:21:36+00:00,2026-10-04T13:21:36+07:00,100.0,100.0,100.0,2879,0,200,239.91666666666666,14.394798,700.273271795415,1622.01501464844,2211.83911132812,3406.555499
2026-10-04T06:21:48+00:00,2026-10-04T13:21:48+07:00,100.0,100.0,100.0,2901,0,200,241.75,12.33425,663.652776419166,1507.32702636719,1908.73498535156,2490.900392
2026-10-04T06:22:00+00:00,2026-10-04T13:22:00+07:00,100.0,100.0,100.0,2818,0,200,234.83333333333334,13.767874,714.616190585167,1703.93505859375,2097.15087890625,3001.482069
2026-10-04T06:22:12+00:00,2026-10-04T13:22:12+07:00,100.0,100.0,100.0,2864,0,200,238.66666666666666,14.401205,688.262310575419,1703.93505859375,2018.26200317383,2415.496488
2026-10-04T06:22:24+00:00,2026-10-04T13:22:24+07:00,100.0,100.0,100.0,2943,0,200,245.25,13.990818,765.163438753313,1695.74304199219,2007.03894042969,2500.766251
2026-10-04T06:22:36+00:00,2026-10-04T13:22:36+07:00,100.0,100.0,100.0,2855,0,200,237.91666666666666,14.377783,649.286727193695,1591.70455322265,1875.3116796875,2300.140138
2026-10-04T06:22:48+00:00,2026-10-04T13:22:48+07:00,100.0,100.0,100.0,2915,0,200,242.91666666666666,13.444151,655.212227472727,1499.13500976562,1900.54296875,2390.525083
2026-10-04T06:23:00+00:00,2026-10-04T13:23:00+07:00,100.0,100.0,100.0,2921,0,200,243.41666666666666,34.779908,696.782010166381,1515.51904296875,1900.54296875,2417.667696
2026-10-04T06:23:12+00:00,2026-10-04T13:23:12+07:00,0.0,73.1666666666667,100.0,2147,0,200,178.91666666666666,13.151225,672.640487675827,1507.32702636719,1802.23901367188,2395.51304
